model_tag,split,metric,value,ci_low,ci_high,threshold
GNN_GCN,val@0.5,AUC,0.7361700338992684,0.7270018904762193,0.7453381773223174,0.5
GNN_GCN,val@0.5,Accuracy,0.6693870148712369,0.6605492856849609,0.6781067776699761,0.5
GNN_GCN,val@0.5,Sensitivity,0.6169749727965179,0.6040666988747525,0.6297203734119721,0.5
GNN_GCN,val@0.5,Specificity,0.7217990569459557,0.7098200018200161,0.7334692840817888,0.5
GNN_GCN,val@0.5,Precision,0.6892220421393841,0.6761679181912065,0.7019818697264718,0.5
GNN_GCN,val@0.5,F1,0.6511004784688995,0.6404364995962997,0.6607587536933539,0.5
GNN_GCN,val@0.5,Brier,0.2096406858428103,0.2070908271364756,0.21225126302511005,0.5
GNN_GCN,val@0.5,ECE,0.038297392009045694,0.03152840930930014,0.04764046210440609,0.5
GNN_GCN,val@J,AUC,0.7361700338992684,0.7270018904762193,0.7453381773223174,0.4871257245540619
GNN_GCN,val@J,Accuracy,0.6723793978962641,0.6635609261252845,0.6810778192910619,0.4871257245540619
GNN_GCN,val@J,Sensitivity,0.7110990206746464,0.6989919281510015,0.722912183696669,0.4871257245540619
GNN_GCN,val@J,Specificity,0.6336597751178817,0.6208537975631532,0.6462796478249337,0.4871257245540619
GNN_GCN,val@J,Precision,0.6599899006901195,0.6478442436736064,0.6719287920192766,0.4871257245540619
GNN_GCN,val@J,F1,0.6845918812745526,0.6757492589417832,0.6930080017297174,0.4871257245540619
GNN_GCN,val@J,Brier,0.2096406858428103,0.2070908271364756,0.21225126302511005,0.4871257245540619
GNN_GCN,val@J,ECE,0.038297392009045694,0.03152840930930014,0.04764046210440609,0.4871257245540619
GNN_GCN,test@J,AUC,0.7511498324180411,0.734533589167189,0.7677660756688932,0.4871257245540619
GNN_GCN,test@J,Accuracy,0.6473917699250421,0.6357261483280511,0.6588842641291003,0.4871257245540619
GNN_GCN,test@J,Sensitivity,0.7233626588465298,0.6951534265616872,0.7499006721741146,0.4871257245540619
GNN_GCN,test@J,Specificity,0.6332970620239391,0.6204886878267662,0.6459198364069433,0.4871257245540619
GNN_GCN,test@J,Precision,0.2679217958001448,0.25173591658061156,0.2847523387705747,0.4871257245540619
GNN_GCN,test@J,F1,0.3910171730515191,0.3772876859767641,0.40538583182379384,0.4871257245540619
GNN_GCN,test@J,Brier,0.21406019888187974,0.21066090565880635,0.2173732486517588,0.4871257245540619
GNN_GCN,test@J,ECE,0.3124254723677162,0.30889820027466725,0.315881620635801,0.4871257245540619
